<?xml version="1.0" encoding="UTF-8"?>
<!DOCTYPE mapper
  PUBLIC "-//mybatis.org//DTD Mapper 3.0//EN"
  "http://mybatis.org/dtd/mybatis-3-mapper.dtd">
<mapper namespace="kr.human.ISP.dao.MoimDAO">
	
	<!-- 전체모임수 -->
	<select id="selectCount" resultType="int">
   		select count(*) from moim
	</select>
	
	<!-- 날짜에 해당하는 전체 모임수 -->
	<select id="selectCountByTime" parameterType="string" resultType="int">
   		select count(*) from moim where moim_time = #{moim_time}
	</select>
	
	<!-- 날짜로 모임 선택하기 -->
	<select id="selectByTime" parameterType="string" resultType="MoimVO">
		select * from moim where moim_time = #{moim_time}
	</select>
		
	
	<!-- 모임 1개 가져오기 -->
	<select id="selectByIdx" parameterType="int" resultType="MoimVO" >
		select * from moim where moim_idx = #{moim_idx}
	</select>
	
	<!-- 모임 저장 동원 수정 8/19-->
	<insert id="insert" parameterType="MoimVO">
		insert into moim
			(moim_idx,user_idx, moim_regdate, moim_name, moim_content, moim_time, moim_onoff, moim_postCode, moim_addr1, moim_addr2, moim_startAge, moim_limitAge, moim_personnel, moim_cost, moim_isDelete, moim_isEnd)
		values
			(moim_idx_seq.nextval,#{user_idx}, sysdate, #{moim_name}, #{moim_content}, #{moim_time}, #{moim_onoff}, #{moim_postCode}, #{moim_addr1}, #{moim_addr2}, #{moim_startAge}, #{moim_limitAge}, #{moim_personnel}, #{moim_cost}, #{moim_isDelete}, #{moim_isEnd})
	</insert>
	
	
	<!-- 모임 수정 -->
	<update id="update" parameterType="MoimVO">
		update moim set 
		moim_name = #{moim_name},
		moim_content = #{moim_content},
		moim_time = #{moim_time},
		moim_onoff = #{moim_onoff},
		moim_postCode = #{moim_postCode},
		moim_addr1 = #{moim_addr1},
		moim_addr2 = #{moim_addr2},
		moim_startAge = #{moim_startAge},
		moim_limitAge = #{moim_limitAge},
		moim_personnel = #{moim_personnel},
		moim_cost = #{moim_cost}	
		where 
		moim_idx= #{moim_idx}
	</update>
	
	<!-- 삭제시 상태변경 -->
	<update id="delete" parameterType="int">
		update moim set 
		moim_isDelete = 'Y' where moim_idx=#{moim_idx}
	</update>
	
	<!-- 관리자 삭제(실제 삭제) -->
	<delete id="supervisorDelete" parameterType="int">
		delete from moim where moim_idx = #{moim_idx}
	</delete>
	
	<!-- 1페이지 얻기 -->
	<select id="selectList" parameterType="hashmap" resultType="MoimVO">	
		select
			R.*
		from
			( select 
				rownum rnum, Q.*
			  from	
				(select * from moim order by moim_time desc) Q
			  where
			  	<![CDATA[
			  	rownum  <= #{endNo}
			  	]]>
			) R
		where
			<![CDATA[
			rnum  >= #{startNo}
			]]>
	</select>
	
	<!-- 개설자(유저)에 따른 모임 개수 구하기 -->
	<select id="selectCountByUser" parameterType="int" resultType="int">
		select count(*) from moim where user_idx=#{user_idx}
	</select>
	
	<!-- 개설자(유저)가 만든 모임 가져오기 -->
	<select id="selectByUser" parameterType="int" resultType="MoimVO">
		select * from moim where user_idx = #{user_idx}
	</select>
	
	<!-- 관리자페이지에서 쓰는 매퍼 -->
	
	<!-- 신규모임 5개 뽑기 -->
	<select id="selectFiveMoim" resultType="MoimVO">
		select * from moim where <![CDATA[ rownum  <= 5 ]]> order by moim_idx desc
	</select>
	
	
	<!-- 신규모임 1개 뽑기 -->
	<select id="selectByNewOneMoim" resultType="MoimVO">
		SELECT * FROM (SELECT * FROM moim ORDER BY moim_idx desc) WHERE ROWnum = 1
	</select>
	
	
	<!-- 현수꺼 추가 08/19 -->
	
	<!-- 유저 개설목록 가져오기 현수꺼 추가 08/19-->
	<select id="selectCreatePage" parameterType="hashmap" resultType="MoimVO" >
		select
			R.*
		from
			( select 
				rownum rnum, Q.*
			  from	
				(select * from moim where user_idx = #{user_idx} and moim_isDelete!='Y' order by moim_idx) Q
			  where
			  	<![CDATA[
			  	rownum  <= #{endNo}
			  	]]>
			) R
		where
			<![CDATA[
			rnum  >= #{startNo}
			]]>
	</select>
	
	<!-- 현수꺼 추가 08/19 -->
	<select id="selectCreateList" parameterType="int" resultType="MoimVO" >
		select * from moim where user_idx = #{user_idx} and moim_isDelete!='Y' order by moim_idx
	</select>
	
	<!-- 신청리스트 개수 얻기 현수꺼 추가 08/19-->
	<select id="selectCreateListCount" resultType="int">
   		select count(*) from moim where user_idx = #{user_idx} and moim_isDelete!='Y'
	</select>
	
	
	<!-- 신청리스트 얻기 현수꺼 추가 08/19-->
	<select id="selectApplyPage" parameterType="hashmap" resultType="MoimVO">
	select
			R.*
		from
			( select 
				rownum rnum, Q.*
			  from	
				(SELECT * FROM moim WHERE moim_idx IN (SELECT moim_idx FROM signUp WHERE user_idx=#{user_idx}) and moim_isDelete!='Y') Q
			  where
			  	<![CDATA[
			  	rownum  <= #{endNo}
			  	]]>
			) R
		where
			<![CDATA[
			rnum  >= #{startNo}
			]]>
	</select>
	<!-- 현수꺼 추가 08/19 -->
	<select id="selectApplyList" parameterType="int" resultType="MoimVO">
		SELECT * FROM moim WHERE moim_idx IN (SELECT moim_idx FROM signUp WHERE user_idx=#{user_idx}) and moim_isDelete!='Y'
	</select>
	
	<!-- 신청리스트 개수 얻기 현수꺼 추가 08/19-->
	<select id="selectApplyListCount" resultType="int">
   	SELECT count(*) FROM moim
	WHERE moim_idx 
	IN (SELECT moim_idx FROM signUp WHERE user_idx=#{user_idx}) and moim_isDelete!='Y'
	</select>
	
	
	<!-- 참여리스트 얻기 현수꺼 추가 08/19-->
	<select id="selectJoinPage" parameterType="hashmap" resultType="MoimVO">
	select
			R.*
		from
			( select 
				rownum rnum, Q.*
			  from	
				(SELECT * FROM moim WHERE moim_idx IN (SELECT moim_idx FROM signUp WHERE user_idx=#{user_idx} and signUp_isApply='Y') and moim_isDelete!='Y') Q
			  where
			  	<![CDATA[
			  	rownum  <= #{endNo}
			  	]]>
			) R
		where
			<![CDATA[
			rnum  >= #{startNo}
			]]>
	</select>
	<!-- 현수꺼 추가 08/19 -->
	<select id="selectJoinList" parameterType="int" resultType="MoimVO">
	SELECT * FROM moim WHERE moim_idx IN (SELECT moim_idx FROM signUp WHERE user_idx=#{user_idx} and signUp_isApply='Y') and moim_isDelete!='Y'
	</select>
	
	<!-- 참여리스트 개수 얻기 현수꺼 추가 08/19-->
	<select id="selectJoinListCount" resultType="int">
   		SELECT count(*) FROM moim
	WHERE moim_idx 
	IN (SELECT moim_idx FROM signUp WHERE user_idx=#{user_idx} and signUp_isApply='Y') and moim_isDelete!='Y'
	</select>
	
	<!-- 찜리스트 얻기 현수꺼 추가 08/19-->
	<select id="selectLikePage" parameterType="hashmap" resultType="MoimVO">
	select
			R.*
		from
			( select 
				rownum rnum, Q.*
			  from	
				(SELECT * FROM moim WHERE moim_idx IN (SELECT moim_idx FROM likeMoim WHERE user_idx=#{user_idx}) and moim_isDelete!='Y') Q
			  where
			  	<![CDATA[
			  	rownum  <= #{endNo}
			  	]]>
			) R
		where
			<![CDATA[
			rnum  >= #{startNo}
			]]>
	</select>
	<!-- 현수꺼 추가 08/19 -->
	<select id="selectLikeList" parameterType="int" resultType="MoimVO">
		SELECT * FROM moim WHERE moim_idx IN (SELECT moim_idx FROM likeMoim WHERE user_idx=#{user_idx}) and moim_isDelete!='Y'
	</select>
	
	<!-- 찜리스트 개수 얻기 현수꺼 추가 08/19-->
	<select id="selectLikeListCount" resultType="int">
   		SELECT count(*) FROM moim
	WHERE moim_idx 
	IN (SELECT moim_idx FROM likeMoim WHERE user_idx=#{user_idx}) and moim_isDelete!='Y'
	</select>
	
	<!-- 현재 모임시퀀스의 현재값 가져오기 -->
	<select id="nextMoimSequenceValSelect" resultType="int">
		SELECT LAST_NUMBER FROM USER_SEQUENCES WHERE SEQUENCE_name = 'MOIM_IDX_SEQ'
	</select>
	
	
	
	<!-- 0825동원 추가 날짜로만 모임 가져오기-->
	<select id="selectByTodayMoim" parameterType="String" resultType="MoimVO">
		SELECT m.*, c.LC_NAME , c.SC_NAME FROM MOIM m, MOIMCATEGORY m2, CATEGORY c WHERE TO_CHAR(MOIM_TIME, 'YYYY-MM-DD') = #{moim_time}	AND m.MOIM_IDX = m2.MOIM_IDX AND m2.CATEGORY_IDX = c.CATEGORY_IDX  and m.moim_isDelete!='Y' ORDER BY MOIM_TIME
	</select>
	
	<!-- 0826동원 추가 날짜 + 대분류로 모임 가져오기 -->
	<select id="selectByDayPlusLcName" parameterType="hashmap" resultType="MoimVO">
		SELECT m.*, c.LC_NAME , c.SC_NAME FROM MOIM m , MOIMCATEGORY m2, CATEGORY c WHERE TO_CHAR(MOIM_TIME, 'YYYY-MM-DD') = #{moim_time} AND m.MOIM_IDX = m2.MOIM_IDX AND m2.CATEGORY_IDX = c.CATEGORY_IDX AND c.LC_NAME = #{lc_name} and m.moim_isDelete!='Y' ORDER BY MOIM_TIME
	</select>
	
	<!-- 0829동원 추가 날짜 + 소분류로 모임 가져오기 -->
	<select id="selectByDayPlusScName" parameterType="hashmap" resultType="MoimVO">
		SELECT m.*, c.LC_NAME , c.SC_NAME FROM MOIM m , MOIMCATEGORY m2, CATEGORY c WHERE TO_CHAR(MOIM_TIME, 'YYYY-MM-DD') = #{moim_time} AND m.MOIM_IDX = m2.MOIM_IDX AND m2.CATEGORY_IDX = c.CATEGORY_IDX AND c.SC_NAME = #{sc_name} and m.moim_isDelete!='Y' ORDER BY MOIM_TIME
	</select>
	
	<!-- 0829동원 추가 날짜 + 지역으로 모임 가져오기 -->
	<select id="selectByDayPlusArea" parameterType="hashmap" resultType="MoimVO">
		SELECT m.*, c.LC_NAME , c.SC_NAME FROM MOIM m , MOIMCATEGORY m2, CATEGORY c WHERE TO_CHAR(MOIM_TIME, 'YYYY-MM-DD') = #{moim_time} AND m.MOIM_IDX = m2.MOIM_IDX AND m2.CATEGORY_IDX = c.CATEGORY_IDX AND m.MOIM_ADDR1 LIKE('${area_name}%') and m.moim_isDelete!='Y' ORDER BY MOIM_TIME
	</select>
		
	
	<!-- 0829동원 추가 날짜 + 지역 + 대분류로 모임 가져오기 -->
	<select id="selectByDayPlusAreaPlusLc" parameterType="hashmap" resultType="MoimVO">
		SELECT m.*, c.LC_NAME , c.SC_NAME FROM MOIM m , MOIMCATEGORY m2, CATEGORY c WHERE TO_CHAR(MOIM_TIME, 'YYYY-MM-DD') = #{moim_time} AND m.MOIM_IDX = m2.MOIM_IDX AND m2.CATEGORY_IDX = c.CATEGORY_IDX AND c.LC_NAME = #{lc_name} AND m.MOIM_ADDR1 LIKE('${area_name}%') and m.moim_isDelete!='Y' ORDER BY MOIM_TIME
	</select>
	
	<!-- 0829동원 추가 날짜 + 지역 + 소분류로 모임 가져오기 -->
	<select id="selectByDayPlusAreaPlusSc" parameterType="hashmap" resultType="MoimVO">
		SELECT m.*, c.LC_NAME , c.SC_NAME FROM MOIM m , MOIMCATEGORY m2, CATEGORY c WHERE TO_CHAR(MOIM_TIME, 'YYYY-MM-DD') = #{moim_time} AND m.MOIM_IDX = m2.MOIM_IDX AND m2.CATEGORY_IDX = c.CATEGORY_IDX AND c.SC_NAME = #{sc_name} AND m.MOIM_ADDR1 LIKE('${area_name}%') and m.moim_isDelete!='Y' ORDER BY MOIM_TIME
	</select>
	
	<!-- 0831 현수 추가 모임 검색(제목기준)-->
   <select id="searchMoimBySubject" parameterType="string" resultType="MoimVO">
      SELECT m.*, c.LC_NAME , c.SC_NAME FROM MOIM m, MOIMCATEGORY m2, CATEGORY c WHERE moim_name like '%' || #{searchSubject} || '%'   AND m.MOIM_IDX = m2.MOIM_IDX AND m2.CATEGORY_IDX = c.CATEGORY_IDX and m.moim_isDelete!='Y' ORDER BY MOIM_TIME desc
   </select>

   <!-- 0831 현수 추가 모임 검색(내용기준)-->
   <select id="searchMoimByContent" parameterType="string" resultType="MoimVO">
      SELECT m.*, c.LC_NAME , c.SC_NAME FROM MOIM m, MOIMCATEGORY m2, CATEGORY c WHERE moim_content like '%' || #{searchContent} || '%'   AND m.MOIM_IDX = m2.MOIM_IDX AND m2.CATEGORY_IDX = c.CATEGORY_IDX and m.moim_isDelete!='Y' ORDER BY MOIM_TIME desc
   </select>
	
	<!-- 상현추가 0829 -->
	<!-- 모임 이름으로 1개 뽑기 -->
	<select id="selectById" parameterType="string"
		resultType="MoimVO">
		select * from moim where moim_name = #{moim_name}
	</select>
	
</mapper>